Pays;Job_Family;Grade;Min;Mid;Max;Devise
Maroc;AUDIT;1;407.48;608.18;808.88;MAD
Maroc;AUDIT;2;313.45;467.83;622.21;MAD
Maroc;AUDIT;3;241.11;359.87;478.63;MAD
Maroc;AUDIT;4;185.47;276.82;368.17;MAD
Maroc;AUDIT;5;142.67;212.94;283.21;MAD
Maroc;AUDIT;6;109.75;163.8;217.85;MAD
Maroc;AUDIT;7;84.42;126.0;167.58;MAD
Maroc;COMMUNICATION;1;407.48;608.18;808.88;MAD
Maroc;COMMUNICATION;2;313.45;467.83;622.21;MAD
Maroc;COMMUNICATION;3;241.11;359.87;478.63;MAD
Maroc;COMMUNICATION;4;185.47;276.82;368.17;MAD
Maroc;COMMUNICATION;5;142.67;212.94;283.21;MAD
Maroc;COMMUNICATION;6;109.75;163.8;217.85;MAD
Maroc;COMMUNICATION;7;84.42;126.0;167.58;MAD
Maroc;CONFORMITE;1;407.48;608.18;808.88;MAD
Maroc;CONFORMITE;2;313.45;467.83;622.21;MAD
Maroc;CONFORMITE;3;241.11;359.87;478.63;MAD
Maroc;CONFORMITE;4;185.47;276.82;368.17;MAD
Maroc;CONFORMITE;5;142.67;212.94;283.21;MAD
Maroc;CONFORMITE;6;109.75;163.8;217.85;MAD
Maroc;CONFORMITE;7;84.42;126.0;167.58;MAD
Maroc;DATA;1;511.17;762.94;1014.71;MAD
Maroc;DATA;2;408.94;610.35;811.77;MAD
Maroc;DATA;3;327.15;488.28;649.41;MAD
Maroc;DATA;4;261.72;390.62;519.53;MAD
Maroc;DATA;5;209.38;312.5;415.62;MAD
Maroc;DATA;6;167.5;250.0;332.5;MAD
Maroc;DATA;7;134.0;200.0;266.0;MAD
Maroc;FINANCE;1;407.48;608.18;808.88;MAD
Maroc;FINANCE;2;313.45;467.83;622.21;MAD
Maroc;FINANCE;3;241.11;359.87;478.63;MAD
Maroc;FINANCE;4;185.47;276.82;368.17;MAD
Maroc;FINANCE;5;142.67;212.94;283.21;MAD
Maroc;FINANCE;6;109.75;163.8;217.85;MAD
Maroc;FINANCE;7;84.42;126.0;167.58;MAD
Maroc;GESTION DES RISQUES;1;407.48;608.18;808.88;MAD
Maroc;GESTION DES RISQUES;2;313.45;467.83;622.21;MAD
Maroc;GESTION DES RISQUES;3;241.11;359.87;478.63;MAD
Maroc;GESTION DES RISQUES;4;185.47;276.82;368.17;MAD
Maroc;GESTION DES RISQUES;5;142.67;212.94;283.21;MAD
Maroc;GESTION DES RISQUES;6;109.75;163.8;217.85;MAD
Maroc;GESTION DES RISQUES;7;84.42;126.0;167.58;MAD
Maroc;IT;1;511.17;762.94;1014.71;MAD
Maroc;IT;2;408.94;610.35;811.77;MAD
Maroc;IT;3;327.15;488.28;649.41;MAD
Maroc;IT;4;261.72;390.62;519.53;MAD
Maroc;IT;5;209.38;312.5;415.62;MAD
Maroc;IT;6;167.5;250.0;332.5;MAD
Maroc;IT;7;134.0;200.0;266.0;MAD
Maroc;RETAIL BANKING;1;407.48;608.18;808.88;MAD
Maroc;RETAIL BANKING;2;313.45;467.83;622.21;MAD
Maroc;RETAIL BANKING;3;241.11;359.87;478.63;MAD
Maroc;RETAIL BANKING;4;185.47;276.82;368.17;MAD
Maroc;RETAIL BANKING;5;142.67;212.94;283.21;MAD
Maroc;RETAIL BANKING;6;109.75;163.8;217.85;MAD
Maroc;RETAIL BANKING;7;84.42;126.0;167.58;MAD
Maroc;RH;1;407.48;608.18;808.88;MAD
Maroc;RH;2;313.45;467.83;622.21;MAD
Maroc;RH;3;241.11;359.87;478.63;MAD
Maroc;RH;4;185.47;276.82;368.17;MAD
Maroc;RH;5;142.67;212.94;283.21;MAD
Maroc;RH;6;109.75;163.8;217.85;MAD
Maroc;RH;7;84.42;126.0;167.58;MAD
Maroc;STRATEGIE;1;407.48;608.18;808.88;MAD
Maroc;STRATEGIE;2;313.45;467.83;622.21;MAD
Maroc;STRATEGIE;3;241.11;359.87;478.63;MAD
Maroc;STRATEGIE;4;185.47;276.82;368.17;MAD
Maroc;STRATEGIE;5;142.67;212.94;283.21;MAD
Maroc;STRATEGIE;6;109.75;163.8;217.85;MAD
Maroc;STRATEGIE;7;84.42;126.0;167.58;MAD
Maroc;TRANSFORMATION;1;407.48;608.18;808.88;MAD
Maroc;TRANSFORMATION;2;313.45;467.83;622.21;MAD
Maroc;TRANSFORMATION;3;241.11;359.87;478.63;MAD
Maroc;TRANSFORMATION;4;185.47;276.82;368.17;MAD
Maroc;TRANSFORMATION;5;142.67;212.94;283.21;MAD
Maroc;TRANSFORMATION;6;109.75;163.8;217.85;MAD
Maroc;TRANSFORMATION;7;84.42;126.0;167.58;MAD
Maroc;JURIDIQUE;1;407.48;608.18;808.88;MAD
Maroc;JURIDIQUE;2;313.45;467.83;622.21;MAD
Maroc;JURIDIQUE;3;241.11;359.87;478.63;MAD
Maroc;JURIDIQUE;4;185.47;276.82;368.17;MAD
Maroc;JURIDIQUE;5;142.67;212.94;283.21;MAD
Maroc;JURIDIQUE;6;109.75;163.8;217.85;MAD
Maroc;JURIDIQUE;7;84.42;126.0;167.58;MAD
Maroc;TRANSVERSE;1;407.48;608.18;808.88;MAD
Maroc;TRANSVERSE;2;313.45;467.83;622.21;MAD
Maroc;TRANSVERSE;3;241.11;359.87;478.63;MAD
Maroc;TRANSVERSE;4;185.47;276.82;368.17;MAD
Maroc;TRANSVERSE;5;142.67;212.94;283.21;MAD
Maroc;TRANSVERSE;6;109.75;163.8;217.85;MAD
Maroc;TRANSVERSE;7;84.42;126.0;167.58;MAD
