Pays;Job_Family;Grade;P25;Median;P75;Devise
Maroc;AUDIT;1;401.4;608.18;808.88;MAD
Maroc;AUDIT;2;308.77;467.83;622.21;MAD
Maroc;AUDIT;3;237.51;359.87;478.63;MAD
Maroc;AUDIT;4;182.7;276.82;368.17;MAD
Maroc;AUDIT;5;140.54;212.94;283.21;MAD
Maroc;AUDIT;6;108.11;163.8;217.85;MAD
Maroc;AUDIT;7;83.16;126.0;167.58;MAD
Maroc;COMMUNICATION;1;401.4;608.18;808.88;MAD
Maroc;COMMUNICATION;2;308.77;467.83;622.21;MAD
Maroc;COMMUNICATION;3;237.51;359.87;478.63;MAD
Maroc;COMMUNICATION;4;182.7;276.82;368.17;MAD
Maroc;COMMUNICATION;5;140.54;212.94;283.21;MAD
Maroc;COMMUNICATION;6;108.11;163.8;217.85;MAD
Maroc;COMMUNICATION;7;83.16;126.0;167.58;MAD
Maroc;CONFORMITE;1;401.4;608.18;808.88;MAD
Maroc;CONFORMITE;2;308.77;467.83;622.21;MAD
Maroc;CONFORMITE;3;237.51;359.87;478.63;MAD
Maroc;CONFORMITE;4;182.7;276.82;368.17;MAD
Maroc;CONFORMITE;5;140.54;212.94;283.21;MAD
Maroc;CONFORMITE;6;108.11;163.8;217.85;MAD
Maroc;CONFORMITE;7;83.16;126.0;167.58;MAD
Maroc;DATA;1;503.54;762.94;1014.71;MAD
Maroc;DATA;2;402.83;610.35;811.77;MAD
Maroc;DATA;3;322.27;488.28;649.41;MAD
Maroc;DATA;4;257.81;390.62;519.53;MAD
Maroc;DATA;5;206.25;312.5;415.62;MAD
Maroc;DATA;6;165.0;250.0;332.5;MAD
Maroc;DATA;7;132.0;200.0;266.0;MAD
Maroc;FINANCE;1;401.4;608.18;808.88;MAD
Maroc;FINANCE;2;308.77;467.83;622.21;MAD
Maroc;FINANCE;3;237.51;359.87;478.63;MAD
Maroc;FINANCE;4;182.7;276.82;368.17;MAD
Maroc;FINANCE;5;140.54;212.94;283.21;MAD
Maroc;FINANCE;6;108.11;163.8;217.85;MAD
Maroc;FINANCE;7;83.16;126.0;167.58;MAD
Maroc;GESTION DES RISQUES;1;401.4;608.18;808.88;MAD
Maroc;GESTION DES RISQUES;2;308.77;467.83;622.21;MAD
Maroc;GESTION DES RISQUES;3;237.51;359.87;478.63;MAD
Maroc;GESTION DES RISQUES;4;182.7;276.82;368.17;MAD
Maroc;GESTION DES RISQUES;5;140.54;212.94;283.21;MAD
Maroc;GESTION DES RISQUES;6;108.11;163.8;217.85;MAD
Maroc;GESTION DES RISQUES;7;83.16;126.0;167.58;MAD
Maroc;IT;1;503.54;762.94;1014.71;MAD
Maroc;IT;2;402.83;610.35;811.77;MAD
Maroc;IT;3;322.27;488.28;649.41;MAD
Maroc;IT;4;257.81;390.62;519.53;MAD
Maroc;IT;5;206.25;312.5;415.62;MAD
Maroc;IT;6;165.0;250.0;332.5;MAD
Maroc;IT;7;132.0;200.0;266.0;MAD
Maroc;RETAIL BANKING;1;401.4;608.18;808.88;MAD
Maroc;RETAIL BANKING;2;308.77;467.83;622.21;MAD
Maroc;RETAIL BANKING;3;237.51;359.87;478.63;MAD
Maroc;RETAIL BANKING;4;182.7;276.82;368.17;MAD
Maroc;RETAIL BANKING;5;140.54;212.94;283.21;MAD
Maroc;RETAIL BANKING;6;108.11;163.8;217.85;MAD
Maroc;RETAIL BANKING;7;83.16;126.0;167.58;MAD
Maroc;RH;1;401.4;608.18;808.88;MAD
Maroc;RH;2;308.77;467.83;622.21;MAD
Maroc;RH;3;237.51;359.87;478.63;MAD
Maroc;RH;4;182.7;276.82;368.17;MAD
Maroc;RH;5;140.54;212.94;283.21;MAD
Maroc;RH;6;108.11;163.8;217.85;MAD
Maroc;RH;7;83.16;126.0;167.58;MAD
Maroc;STRATEGIE;1;401.4;608.18;808.88;MAD
Maroc;STRATEGIE;2;308.77;467.83;622.21;MAD
Maroc;STRATEGIE;3;237.51;359.87;478.63;MAD
Maroc;STRATEGIE;4;182.7;276.82;368.17;MAD
Maroc;STRATEGIE;5;140.54;212.94;283.21;MAD
Maroc;STRATEGIE;6;108.11;163.8;217.85;MAD
Maroc;STRATEGIE;7;83.16;126.0;167.58;MAD
Maroc;TRANSFORMATION;1;401.4;608.18;808.88;MAD
Maroc;TRANSFORMATION;2;308.77;467.83;622.21;MAD
Maroc;TRANSFORMATION;3;237.51;359.87;478.63;MAD
Maroc;TRANSFORMATION;4;182.7;276.82;368.17;MAD
Maroc;TRANSFORMATION;5;140.54;212.94;283.21;MAD
Maroc;TRANSFORMATION;6;108.11;163.8;217.85;MAD
Maroc;TRANSFORMATION;7;83.16;126.0;167.58;MAD
Maroc;JURIDIQUE;1;401.4;608.18;808.88;MAD
Maroc;JURIDIQUE;2;308.77;467.83;622.21;MAD
Maroc;JURIDIQUE;3;237.51;359.87;478.63;MAD
Maroc;JURIDIQUE;4;182.7;276.82;368.17;MAD
Maroc;JURIDIQUE;5;140.54;212.94;283.21;MAD
Maroc;JURIDIQUE;6;108.11;163.8;217.85;MAD
Maroc;JURIDIQUE;7;83.16;126.0;167.58;MAD
Maroc;TRANSVERSE;1;401.4;608.18;808.88;MAD
Maroc;TRANSVERSE;2;308.77;467.83;622.21;MAD
Maroc;TRANSVERSE;3;237.51;359.87;478.63;MAD
Maroc;TRANSVERSE;4;182.7;276.82;368.17;MAD
Maroc;TRANSVERSE;5;140.54;212.94;283.21;MAD
Maroc;TRANSVERSE;6;108.11;163.8;217.85;MAD
Maroc;TRANSVERSE;7;83.16;126.0;167.58;MAD
