Job_Family;Grade;Median_F;Median_M;M_div_F
AUDIT;1;759,73;472,73;0,6222342147868322
AUDIT;2;401,03;419,75;1,0466797995162458
AUDIT;3;375,305;367,96;0,9804292508759541
AUDIT;4;306,88;286,65;0,9340784671532846
AUDIT;5;214,67;223,43;1,0408068197698794
AUDIT;6;158,055;166,64;1,0543165353832524
AUDIT;7;127,725;124,58;0,975376786063809
COMMUNICATION;1;481,515;742,21;1,541405771367455
COMMUNICATION;2;424,09;541,39;1,2765922327807777
COMMUNICATION;3;389,805;371,66;0,9534510845166173
COMMUNICATION;4;293,3;257,78;0,8788953290146606
COMMUNICATION;5;202,075;216,06;1,069206977607324
COMMUNICATION;6;168,3;134,21;0,7974450386215092
COMMUNICATION;7;109,12;128,53;1,1778775659824046
CONFORMITE;1;621,64;622,54;1,001447783282929
CONFORMITE;2;425,51;414,68;0,9745481892317455
CONFORMITE;3;329,49;365,73;1,1099881635254485
CONFORMITE;4;297,21;277,78;0,9346253490797752
CONFORMITE;5;199,04;234,6;1,1786575562700965
CONFORMITE;6;166,74;162,06;0,9719323497661029
CONFORMITE;7;127,4;119,055;0,9344976452119309
DATA;1;517,94;703,2249999999999;1,3577344866200716
DATA;2;634,73;471,34;0,7425834606840703
DATA;3;443,61;472,39;1,0648768062036473
DATA;4;392,7;395,27;1,0065444359562006
DATA;5;275,12;301,975;1,0976119511485898
DATA;6;257,33500000000004;279,05;1,084384168496318
DATA;7;190,35;220,67;1,159285526661413
FINANCE;1;608,24;618,05;1,0161285019071418
FINANCE;2;450,14;495,775;1,1013795708001954
FINANCE;3;358,78499999999997;329,32;0,9178756079546248
FINANCE;4;289,35;282,76;0,977224814238811
FINANCE;5;209,18;223,3;1,0675016732001148
FINANCE;6;169,73;157,54000000000002;0,9281800506687093
FINANCE;7;134,08;117,81;0,8786545346062052
GESTION DES RISQUES;1;628,3;643,94;1,024892567244947
GESTION DES RISQUES;2;403,6;390,75;0,9681615460852329
GESTION DES RISQUES;3;363,96;365,245;1,0035306077590944
GESTION DES RISQUES;4;280,475;272,095;0,9701221142704342
GESTION DES RISQUES;5;207,06;219,36;1,059403071573457
GESTION DES RISQUES;6;158,08;159,405;1,0083818319838056
GESTION DES RISQUES;7;117,005;129,06;1,1030297850519208
IT;1;821,64;854,11;1,0395185239277542
IT;2;606,19;613,38;1,0118609676833994
IT;3;463,145;496,86;1,0727957767006013
IT;4;378,61;378,41;0,9994717519347086
IT;5;318,425;321,365;1,0092329433932636
IT;6;241,21;250,38;1,0380166659757057
IT;7;197,89;199,38;1,0075294355449997
JURIDIQUE;1;471,78;677,475;1,4359977107974058
JURIDIQUE;2;455,43;439,36;0,9647146652614014
JURIDIQUE;3;314,11;349,005;1,111091655789373
JURIDIQUE;4;294,01;286,09;0,973062140743512
JURIDIQUE;5;219,66500000000002;213,74;0,9730271094621354
JURIDIQUE;6;153,115;170,49;1,113476798484799
JURIDIQUE;7;127,85;127,73;0,9990614000782168
RETAIL BANKING;1;620,09;593,36;0,9568933541905207
RETAIL BANKING;2;451,27;463,89;1,0279655195337603
RETAIL BANKING;3;360,395;370,67;1,0285103844392958
RETAIL BANKING;4;271,14;273,5;1,0087039905583832
RETAIL BANKING;5;210,465;210,94;1,0022569073242582
RETAIL BANKING;6;164,56;163,58;0,9940447253281478
RETAIL BANKING;7;123,44;129,59500000000003;1,049862281270253
RH;1;677,405;574,74;0,8484436932115943
RH;2;475,82;486,765;1,0230023958639822
RH;3;347,695;348,815;1,0032212139950243
RH;4;290,26;274,24;0,9448081030799973
RH;5;200,20499999999998;204,43;1,0211033690467273
RH;6;170,39;169,005;0,9918715887082575
RH;7;114,33;126,16499999999999;1,10351613749672
STRATEGIE;1;;754,14;
STRATEGIE;2;338,13;352,39;1,042173128678319
STRATEGIE;3;382,855;411,18;1,0739836230426663
STRATEGIE;4;267,08500000000004;315,49;1,1812344384746427
STRATEGIE;5;193,03;182,68;0,9463813914935503
STRATEGIE;6;155,74;142,91500000000002;0,9176512135610634
STRATEGIE;7;134,02;114,73;0,8560662587673481
TRANSFORMATION;1;706,2950000000001;721,16;1,0210464465980926
TRANSFORMATION;2;402,81;464,71;1,153670464983491
TRANSFORMATION;3;375,75;390,09000000000003;1,0381636726546908
TRANSFORMATION;4;257,46;282,99;1,0991610347238407
TRANSFORMATION;5;202,84;215,57;1,0627588246894104
TRANSFORMATION;6;154,17;145,29500000000002;0,9424336771096843
TRANSFORMATION;7;140,945;140,3;0,995423746851609
TRANSVERSE;1;678,76;615,39;0,9066385762272379
TRANSVERSE;2;535,575;469,42999999999995;0,8764972226112121
TRANSVERSE;3;400,78;286,385;0,7145690902739658
TRANSVERSE;4;313,22;281,675;0,899288040355022
TRANSVERSE;5;250,59;226,22;0,9027495111536773
TRANSVERSE;6;156,815;171,86;1,095941077065332
TRANSVERSE;7;114,35;122,0;1,0668998688237867
